<?xml version="1.0" encoding="UTF-8"?>
<!DOCTYPE mapper PUBLIC "-//mybatis.org//DTD Mapper 3.0//EN" "http://mybatis.org/dtd/mybatis-3-mapper.dtd">
<mapper namespace="dao.CitycentersMapper">
  <resultMap id="BaseResultMap" type="model.Citycenters">
    <id column="name" jdbcType="VARCHAR" property="name" />
    <id column="provincename" jdbcType="VARCHAR" property="provincename" />
    <result column="latitude" jdbcType="VARCHAR" property="latitude" />
    <result column="longitude" jdbcType="VARCHAR" property="longitude" />
    <result column="num" jdbcType="INTEGER" property="num" />
  </resultMap>
  <delete id="deleteByPrimaryKey" parameterType="map">
    delete from citycenters
    where name = #{name,jdbcType=VARCHAR}
      and provincename = #{provincename,jdbcType=VARCHAR}
  </delete>
  <insert id="insert" parameterType="model.Citycenters">
    insert into citycenters (name, provincename, latitude, 
      longitude, num)
    values (#{name,jdbcType=VARCHAR}, #{provincename,jdbcType=VARCHAR}, #{latitude,jdbcType=VARCHAR}, 
      #{longitude,jdbcType=VARCHAR}, #{num,jdbcType=INTEGER})
  </insert>
  <update id="updateByPrimaryKey" parameterType="model.Citycenters">
    update citycenters
    set latitude = #{latitude,jdbcType=VARCHAR},
      longitude = #{longitude,jdbcType=VARCHAR},
      num = #{num,jdbcType=INTEGER}
    where name = #{name,jdbcType=VARCHAR}
      and provincename = #{provincename,jdbcType=VARCHAR}
  </update>
  <select id="selectByPrimaryKey" parameterType="map" resultMap="BaseResultMap">
    select name, provincename, latitude, longitude, num
    from citycenters
    where name = #{name,jdbcType=VARCHAR}
      and provincename = #{provincename,jdbcType=VARCHAR}
  </select>
  <select id="selectAll" resultMap="BaseResultMap">
    select name, provincename, latitude, longitude, num
    from citycenters
  </select>
  <select id="select" resultMap="BaseResultMap">
   
    select name from citycenters where provincename = #{provincename,jdbcType=VARCHAR} order by num desc
  </select>
</mapper>