<?xml version="1.0" encoding="UTF-8"?>
<!DOCTYPE mapper PUBLIC "-//mybatis.org//DTD Mapper 3.0//EN" "http://mybatis.org/dtd/mybatis-3-mapper.dtd">
<mapper namespace="dao.CommentMapper">
  <resultMap id="BaseResultMap" type="model.Comment">
    <id column="sceneid" jdbcType="VARCHAR" property="sceneid" />
    <id column="name" jdbcType="VARCHAR" property="name" />
    <result column="score" jdbcType="DOUBLE" property="score" />
    <result column="time" jdbcType="VARCHAR" property="time" />
    <result column="imgs" jdbcType="LONGVARCHAR" property="imgs" />
    <result column="commenttext" jdbcType="LONGVARCHAR" property="commenttext" />
  </resultMap>
  <delete id="deleteByPrimaryKey" parameterType="map">
    delete from comment
    where sceneid = #{sceneid,jdbcType=VARCHAR}
      and name = #{name,jdbcType=VARCHAR}
  </delete>
  <insert id="insert" parameterType="model.Comment">
    insert into comment (sceneid, name, score, 
      time, imgs, commenttext
      )
    values (#{sceneid,jdbcType=VARCHAR}, #{name,jdbcType=VARCHAR}, #{score,jdbcType=DOUBLE}, 
      #{time,jdbcType=VARCHAR}, #{imgs,jdbcType=LONGVARCHAR}, #{commenttext,jdbcType=LONGVARCHAR}
      )
  </insert>
   <insert id="uploadComment" parameterType="model.Comment">
    insert into comment (sceneid, name, score, 
      time, imgs, commenttext
      )
    values (#{sceneid,jdbcType=VARCHAR}, #{name,jdbcType=VARCHAR}, #{score,jdbcType=DOUBLE}, 
      #{time,jdbcType=VARCHAR}, #{imgs,jdbcType=LONGVARCHAR}, #{commenttext,jdbcType=LONGVARCHAR}
      )
  </insert>
  <update id="updateByPrimaryKey" parameterType="model.Comment">
    update comment
    set score = #{score,jdbcType=DOUBLE},
      time = #{time,jdbcType=VARCHAR},
      imgs = #{imgs,jdbcType=LONGVARCHAR},
      commenttext = #{commenttext,jdbcType=LONGVARCHAR}
    where sceneid = #{sceneid,jdbcType=VARCHAR}
      and name = #{name,jdbcType=VARCHAR}
  </update>
  <select id="selectByPrimaryKey" parameterType="map" resultMap="BaseResultMap">
    select sceneid, name, score, time, imgs, commenttext
    from comment
    where sceneid = #{sceneid,jdbcType=VARCHAR}
      and name = #{name,jdbcType=VARCHAR}
  </select>
  <select id="selectAll" resultMap="BaseResultMap">
    select sceneid, name, score, time, imgs, commenttext
    from comment
  </select>
  <select id="selectAll" resultMap="BaseResultMap">
    select sceneid, name, score, time, imgs, commenttext
    from comment
    where sceneid = #{sceneid,jdbcType=VARCHAR}
  </select>
    <select id="selectAll" resultMap="BaseResultMap">
    select sceneid, name, score, time, imgs, commenttext
    from comment
    where name =  #{name,jdbcType=VARCHAR}
  </select>
</mapper>