<?xml version="1.0" encoding="UTF-8"?>
<!DOCTYPE mapper PUBLIC "-//mybatis.org//DTD Mapper 3.0//EN" "http://mybatis.org/dtd/mybatis-3-mapper.dtd">
<mapper namespace="dao.Scene100Mapper">
  <resultMap id="BaseResultMap" type="model.Scene100">
    <id column="name" jdbcType="VARCHAR" property="name" />
    <id column="cityname" jdbcType="VARCHAR" property="cityname" />
    <result column="commentNum" jdbcType="INTEGER" property="commentnum" />
    <result column="score" jdbcType="CHAR" property="score" />
    <result column="price" jdbcType="VARCHAR" property="price" />
    <result column="star" jdbcType="VARCHAR" property="star" />
    <result column="hotrank" jdbcType="INTEGER" property="hotrank" />
    <result column="provincename" jdbcType="VARCHAR" property="provincename" />
    <result column="sceneid" jdbcType="VARCHAR" property="sceneid" />
    <result column="latitude" jdbcType="VARCHAR" property="latitude" />
    <result column="longitude" jdbcType="VARCHAR" property="longitude" />
    <result column="sceneurl" jdbcType="LONGVARCHAR" property="sceneurl" />
    <result column="address" jdbcType="LONGVARCHAR" property="address" />
    <result column="imgUrl" jdbcType="LONGVARCHAR" property="imgurl" />
    <result column="time" jdbcType="LONGVARCHAR" property="time" />
    <result column="features" jdbcType="LONGVARCHAR" property="features" />
    <result column="traffic" jdbcType="LONGVARCHAR" property="traffic" />
    <result column="officialweb" jdbcType="LONGVARCHAR" property="officialweb" />
    <result column="phone" jdbcType="LONGVARCHAR" property="phone" />
    <result column="thumbimg" jdbcType="LONGVARCHAR" property="thumbimg" />
    <result column="description" jdbcType="LONGVARCHAR" property="description" />
    <result column="tags" jdbcType="LONGVARCHAR" property="tags" />
  </resultMap>
  <delete id="deleteByPrimaryKey" parameterType="map">
    delete from scene100
    where name = #{name,jdbcType=VARCHAR}
      and cityname = #{cityname,jdbcType=VARCHAR}
  </delete>
  <insert id="insert" parameterType="model.Scene100">
    insert into scene100 (name, cityname, commentNum, 
      score, price, star, hotrank, 
      provincename, sceneid, latitude, 
      longitude, sceneurl, address, 
      imgUrl, time, features, 
      traffic, officialweb, phone, 
      thumbimg, description, tags
      )
    values (#{name,jdbcType=VARCHAR}, #{cityname,jdbcType=VARCHAR}, #{commentnum,jdbcType=INTEGER}, 
      #{score,jdbcType=CHAR}, #{price,jdbcType=VARCHAR}, #{star,jdbcType=VARCHAR}, #{hotrank,jdbcType=INTEGER}, 
      #{provincename,jdbcType=VARCHAR}, #{sceneid,jdbcType=VARCHAR}, #{latitude,jdbcType=VARCHAR}, 
      #{longitude,jdbcType=VARCHAR}, #{sceneurl,jdbcType=LONGVARCHAR}, #{address,jdbcType=LONGVARCHAR}, 
      #{imgurl,jdbcType=LONGVARCHAR}, #{time,jdbcType=LONGVARCHAR}, #{features,jdbcType=LONGVARCHAR}, 
      #{traffic,jdbcType=LONGVARCHAR}, #{officialweb,jdbcType=LONGVARCHAR}, #{phone,jdbcType=LONGVARCHAR}, 
      #{thumbimg,jdbcType=LONGVARCHAR}, #{description,jdbcType=LONGVARCHAR}, #{tags,jdbcType=LONGVARCHAR}
      )
  </insert>
  <update id="updateByPrimaryKey" parameterType="model.Scene100">
    update scene100
    set commentNum = #{commentnum,jdbcType=INTEGER},
      score = #{score,jdbcType=CHAR},
      price = #{price,jdbcType=VARCHAR},
      star = #{star,jdbcType=VARCHAR},
      hotrank = #{hotrank,jdbcType=INTEGER},
      provincename = #{provincename,jdbcType=VARCHAR},
      sceneid = #{sceneid,jdbcType=VARCHAR},
      latitude = #{latitude,jdbcType=VARCHAR},
      longitude = #{longitude,jdbcType=VARCHAR},
      sceneurl = #{sceneurl,jdbcType=LONGVARCHAR},
      address = #{address,jdbcType=LONGVARCHAR},
      imgUrl = #{imgurl,jdbcType=LONGVARCHAR},
      time = #{time,jdbcType=LONGVARCHAR},
      features = #{features,jdbcType=LONGVARCHAR},
      traffic = #{traffic,jdbcType=LONGVARCHAR},
      officialweb = #{officialweb,jdbcType=LONGVARCHAR},
      phone = #{phone,jdbcType=LONGVARCHAR},
      thumbimg = #{thumbimg,jdbcType=LONGVARCHAR},
      description = #{description,jdbcType=LONGVARCHAR},
      tags = #{tags,jdbcType=LONGVARCHAR}
    where name = #{name,jdbcType=VARCHAR}
      and cityname = #{cityname,jdbcType=VARCHAR}
  </update>
  <select id="selectByPrimaryKey" parameterType="map" resultMap="BaseResultMap">
    select name, cityname, commentNum, score, price, star, hotrank, provincename, sceneid, 
    latitude, longitude, sceneurl, address, imgUrl, time, features, traffic, officialweb, 
    phone, thumbimg, description, tags
    from scene100
    where name = #{name,jdbcType=VARCHAR}
      and cityname = #{cityname,jdbcType=VARCHAR}
  </select>
  <select id="selectAll" resultMap="BaseResultMap">
    select name, cityname, commentNum, score, price, star, hotrank, provincename, sceneid, 
    latitude, longitude, sceneurl, address, imgUrl, time, features, traffic, officialweb, 
    phone, thumbimg, description, tags
    from scene100
  </select>
    <select id="selectAll" resultMap="BaseResultMap">
    select *
    from scene100
    where sceneid = #{sceneid,jdbcType=VARCHAR}
  </select>
  <select id="selectItem" resultMap="BaseResultMap" parameterType="list">
    select *
    from scene100
    <where>
    id in
    <foreach item="item" collection="list" separator="," open="(" close=")" index="">
      #{item}
    </foreach>
  </where>
————————————————

  </select>
</mapper>