<?xml version="1.0" encoding="UTF-8"?>
<!DOCTYPE mapper PUBLIC "-//mybatis.org//DTD Mapper 3.0//EN" "http://mybatis.org/dtd/mybatis-3-mapper.dtd">
<mapper namespace="dao.UserMapper">
  <resultMap id="BaseResultMap" type="model.User">
    <id column="username" jdbcType="CHAR" property="username" />
    <result column="password" jdbcType="CHAR" property="password" />
    <result column="phoneNumber" jdbcType="CHAR" property="phonenumber" />
    <result column="userrec" jdbcType="LONGVARCHAR" property="userrec" />
    <result column="itemrec" jdbcType="LONGVARCHAR" property="itemrec" />
    <result column="sloperec" jdbcType="LONGVARCHAR" property="sloperec" />
  </resultMap>
  <delete id="deleteByPrimaryKey" parameterType="java.lang.String">
    delete from user
    where username = #{username,jdbcType=CHAR}
  </delete>
  <insert id="insert" parameterType="model.User">
    insert into user (username, password, phoneNumber, 
      userrec, itemrec, sloperec
      )
    values (#{username,jdbcType=CHAR}, #{password,jdbcType=CHAR}, #{phonenumber,jdbcType=CHAR}, 
      #{userrec,jdbcType=LONGVARCHAR}, #{itemrec,jdbcType=LONGVARCHAR}, #{sloperec,jdbcType=LONGVARCHAR}
      )
  </insert>
  <update id="updateByPrimaryKey" parameterType="model.User">
    update user
    set password = #{password,jdbcType=CHAR},
      phoneNumber = #{phonenumber,jdbcType=CHAR},
      userrec = #{userrec,jdbcType=LONGVARCHAR},
      itemrec = #{itemrec,jdbcType=LONGVARCHAR},
      sloperec = #{sloperec,jdbcType=LONGVARCHAR}
    where username = #{username,jdbcType=CHAR}
  </update>
   <update id="updateByPrimaryKey" parameterType="map">
    update user
    set username = #{before,jdbcType=CHAR}
    where username = #{after,jdbcType=CHAR}
  </update>
  <select id="selectByPrimaryKey" parameterType="java.lang.String" resultMap="BaseResultMap">
    select username, password, phoneNumber, userrec, itemrec, sloperec
    from user
    where username = #{username,jdbcType=CHAR}
  </select>
   <select id="login"  resultMap="BaseResultMap">
    select username, password, phoneNumber, userrec, itemrec, sloperec
    from user
    where username = #{username,jdbcType=CHAR}
  </select>
  <select id="selectAll" resultMap="BaseResultMap">
    select username, password, phoneNumber, userrec, itemrec, sloperec
    from user
  </select>
</mapper>