<?xml version="1.0" encoding="UTF-8"?>
<!DOCTYPE mapper PUBLIC "-//mybatis.org//DTD Mapper 3.0//EN" "http://mybatis.org/dtd/mybatis-3-mapper.dtd">
<mapper namespace="dao.UserMapper">
	<resultMap id="BaseResultMap" type="model.User">
		<id column="username" jdbcType="CHAR" property="username" />
		<result column="password" jdbcType="CHAR" property="password" />
		<result column="phoneNumber" jdbcType="CHAR" property="phonenumber" />
	</resultMap>
	<delete id="deleteByPrimaryKey" parameterType="java.lang.String">
		delete from user
		where username = #{username,jdbcType=CHAR}
	</delete>
	<insert id="insert" parameterType="model.User">
		insert into user (username, password, phoneNumber
		)
		values (#{username,jdbcType=CHAR}, #{password,jdbcType=CHAR},
		#{phonenumber,jdbcType=CHAR}
		)
	</insert>
	<update id="updateByPrimaryKey" parameterType="model.User">
		update user
		set password = #{password,jdbcType=CHAR},
		phoneNumber = #{phonenumber,jdbcType=CHAR}
		where username = #{username,jdbcType=CHAR}
	</update>
	

	<update id="update1" parameterType="model.User">
		update user
		set
		phoneNumber = #{phonenumber,jdbcType=CHAR}
		where username = #{username,jdbcType=CHAR}
	</update>
	<update id="update1" parameterType="string">
		update user
		set
		phoneNumber = #{phonenumber,jdbcType=CHAR}
		where username = #{username,jdbcType=CHAR}
	</update>
	<update id="update2" parameterType="map">
		update user
		set
		username = #{username2,jdbcType=CHAR}
		where username = #{username1,jdbcType=CHAR}
	</update>
	<select id="selectByPrimaryKey" parameterType="java.lang.String"
		resultMap="BaseResultMap">
		select username, password, phoneNumber
		from user
		where username = #{username,jdbcType=CHAR}
	</select>
	<select id="selectAll" resultMap="BaseResultMap">
		select username, password, phoneNumber
		from user
	</select>
	<select id="login" resultMap="BaseResultMap">
		select *
		from user
		where username = #{username,jdbcType=CHAR} and password =
		#{password,jdbcType=CHAR}
	</select>
	<select id="queryContact" resultMap="BaseResultMap">
		select *
		from user
		where phoneNumber = #{phonenumber,jdbcType=CHAR}
	</select>
	<select id="queryContact" resultMap="BaseResultMap">
		select *
		from user
		where username = #{username,jdbcType=CHAR}
	</select>
</mapper>