<?xml version="1.0" encoding="UTF-8"?>
<beans xmlns="http://www.springframework.org/schema/beans"
	xmlns:xsi="http://www.w3.org/2001/XMLSchema-instance" xmlns:context="http://www.springframework.org/schema/context"
	xmlns:aop="http://www.springframework.org/schema/aop" xmlns:tx="http://www.springframework.org/schema/tx"
	xmlns:mybatis="http://mybatis.org/schema/mybatis-spring" xmlns:task="http://www.springframework.org/schema/task"
	xmlns:mvc="http://www.springframework.org/schema/mvc"
	xsi:schemaLocation="http://www.springframework.org/schema/beans
        https://www.springframework.org/schema/beans/spring-beans.xsd
        http://www.springframework.org/schema/context
        https://www.springframework.org/schema/context/spring-context.xsd
        http://www.springframework.org/schema/aop 
        https://www.springframework.org/schema/aop/spring-aop.xsd
         http://www.springframework.org/schema/tx
		http://www.springframework.org/schema/tx/spring-tx.xsd
		http://www.springframework.org/schema/mvc
		http://www.springframework.org/schema/mvc/spring-mvc.xsd
		http://mybatis.org/schema/mybatis-spring 
		http://mybatis.org/schema/mybatis-spring.xsd
		http://www.springframework.org/schema/task 
		http://www.springframework.org/schema/task/spring-task.xsd">
	<aop:aspectj-autoproxy proxy-target-class="true" />
	<context:component-scan base-package="model" />
	<context:component-scan base-package="dao" />
	<context:component-scan base-package="service" />
	<context:component-scan base-package="controller" />
	<mvc:interceptors>
		<mvc:interceptor>
		<mvc:mapping path="/**"/>
		<bean class="test.MyInterceptor"></bean>
		</mvc:interceptor>
	</mvc:interceptors>
	<bean id="multipartResolver"
		class="org.springframework.web.multipart.commons.CommonsMultipartResolver">
		<property name="defaultEncoding" value="UTF-8"></property>
		<property name="maxUploadSize" value="10485760"></property>
	</bean>
	<mvc:annotation-driven enable-matrix-variables="true">
		<mvc:message-converters register-defaults="true">
			<bean
				class="com.alibaba.fastjson.support.spring.FastJsonHttpMessageConverter">
				<property name="supportedMediaTypes">
					<list>
						<value>text/html;charset=UTF-8</value>
						<value>application/x-www-form-urlencoded;charset=UTF-8</value>
						<value>application/json</value>
					</list>
				</property>


			</bean>
		</mvc:message-converters>
		<mvc:path-matching suffix-pattern="false" />
	</mvc:annotation-driven>
	<!-- -->
	<mvc:resources location="/html/" mapping="/**/*.html" />
	<mvc:resources location="/js/" mapping="/**/*.js" />
	<mvc:resources location="/img/" mapping="/**/*.jpg" />

	<mvc:default-servlet-handler />
	<!-- <bean class="org.springframework.web.servlet.view.InternalResourceViewResolver" 
		id="internalResourceViewResolver"> <property name="prefix" value="/WEB-INF/jsp/" 
		/> <property name="suffix" value=".jsp" /> </bean> -->
	<context:property-placeholder location="classpath:resources/jdbc.properties" />
	<!-- <task:annotation-driven executor="targetExecutor" scheduler="targetScheduler" 
		/> <task:executor id="targetExecutor" pool-size="5" /> <task:scheduler id="targetScheduler" 
		pool-size="10" /> -->
	<bean id="sqlSession" class="org.mybatis.spring.SqlSessionTemplate">
		<constructor-arg ref="sqlSessionFactory" index="0"></constructor-arg>
		
	</bean>
	<bean id="txManager"
		class="org.springframework.jdbc.datasource.DataSourceTransactionManager">
		<property name="dataSource" ref="basicDataSource" />
	</bean>
	<tx:annotation-driven transaction-manager="txManager" />
	<bean id="sqlSessionFactory" class="org.mybatis.spring.SqlSessionFactoryBean">
		<property name="dataSource" ref="basicDataSource" />
		<property name="configLocation" value="classpath:resources/mybatiscfg.xml" />
		<!-- -->
		<property name="mapperLocations">
			<list>
				<value>classpath:mapper/*.xml</value>
			</list>
		</property>
	</bean>
	<bean id="basicDataSource" class="org.apache.commons.dbcp2.BasicDataSource"
		destroy-method="close">
		<property name="driverClassName" value="${mysql_drivername}" />
		<property name="url" value="${mysql_url}" />
		<property name="username" value="${mysql_username}" />
		<property name="password" value="${mysql_password}" />
		<property name="defaultAutoCommit" value="false" />
	</bean>
</beans>
		